"Tipo";"Nombre";"Dirección";"C.Postal";"Provincia";"Municipio";"Localidad";"Nucleo";"Teléfono 1";"Teléfono 2";"Teléfono 3";"Fax";"Email";"web";"Q Calidad";"Central Reservas";
"Albergue turístico superior";"ALBERGUE DE ARIJA";"CL/LA CAMPA,S/N";"09570";"Burgos";"Arija";"ARIJA";"ARIJA";"665823232";"";"";"";"info@arijaaventura.com";"www.arijaaventura.com";"";"";
"Albergue turístico";"ALBERGUE MUNICIPAL DE OÑA";"ANTIGUA ESTACIÓN DE FERROCARRIL";"09530";"Burgos";"Oña";"OÑA";"OÑA";"606835966";"947300001";"";"947304402";"ayuntamientoona@yahoo.es";"www.ayuntamientoona.com";"";"";
"Albergue turístico de los Caminos a Santiago";"EL  PEREGRINO";"CL/CAMINO DE SANTIAGO,25";"09199";"Burgos";"Atapuerca";"ATAPUERCA";"ATAPUERCA";"661580882";"";"";"";"rocio@albergueatapuerca.com";"www.albergueatapuerca.com";"";"";
"Albergue turístico superior de los Caminos a Santiago";"EL  PUNTIDO";"CL/LA IGLESIA, 6";"09227";"Burgos";"Hontanas";"HONTANAS";"HONTANAS";"947378597";"636781387";"";"";"varas67@hotmail.com";"www.puntido.com";"";"";
"Albergue turístico";"EL  MOLINO";"CAMINO DE LOS MOLINOS, S/N";"09199";"Burgos";"Arlanzón";"ARLANZON";"ARLANZON";"947421807";"608900968";"";"947421813";"info@gearlanzon.com";"www.gearlanzon.com";"";"";
"Albergue turístico superior";"EL TREN MINERO";"CAMINO DE LOS MOLINOS S/N";"09199";"Burgos";"Arlanzón";"ARLANZON";"ARLANZON";"947421807";"608900968";"";"947421813";"info@gearlanzon.com";"www.gearlanzon.com";"";"";
"Albergue turístico";"LOS CEREZOS";"BARRIO DEL VAL,23";"09146";"Burgos";"Valle de Zamanzas";"AYLANES";"AYLANES";"659754490";"";"";"";"loscerezos@albergueloscerezos.com";"loscerezos.com";"";"";
"Albergue turístico";"EL ERMITAÑO - VUELTA AL ORIGEN";"CAMINO SANTA MARÍA, S/N";"09471";"Burgos";"Fuentelcésped";"FUENTELCESPED";"FUENTELCESPED";"687519939";"";"";"";"info@vueltaalorigen.com";"www.vueltaalorigen.com";"";"";
"Albergue turístico";"ALBERGUE DE CORNEJO";"CL/CORNEJO, 22";"09568";"Burgos";"Merindad de Sotoscueva";"CORNEJO";"CORNEJO";"687513153";"";"";"946763981";"alberguedecornejo@hotmail.com";"www.pinpoil.com/alberguecornejo";"";"";
"Albergue turístico superior";"MOLINO SOLACUESTA";"CL/ EL PARQUE N-18";"09340";"Burgos";"Lerma";"LERMA";"LERMA";"679360992";"";"";"";"informacion@alberguesolacuesta.com";"www.alberguesolacuesta.com";"";"";
"Albergue turístico";"EL TORREÓN";"CL/EL CASTILLO,S/N";"09453";"Burgos";"Tubilla del Lago";"TUBILLA DEL LAGO";"TUBILLA DEL LAGO";"620642635";"";"";"";"";"";"";"";
"Albergue turístico superior";"ARTE Y NATURA VALDIVIELSO";"CL/ ICEDO,42";"09559";"Burgos";"Merindad de Valdivielso";"QUINTANA DE VALDIVIELSO";"QUINTANA DE VALDIVIELSO";"947303200";"652641079";"";"947303200";"info@arteynaturavaldivielso.org";"www.arteynaturavaldivielso.org";"";"";
"Albergue turístico";"LA CASA DEL MAESTRO";"C/ CAMINO DE LAS BERLANAS, 1";"05163";"Ávila";"Gotarrendura";"GOTARRENDURA";"GOTARRENDURA";"920269038";"";"";"";"";"";"";"";
"Albergue turístico superior de los Caminos a Santiago";"""LAGANARES""";"C/ NUEVA,1";"34349";"Palencia";"Moratinos";"SAN NICOLAS DEL REAL CAMINO";"SAN NICOLAS DEL REAL CAMINO";"979188142";"629181536";"";"";"laganares@yahoo.es";"www.alberguelaganares.es";"";"";
"Albergue turístico de los Caminos a Santiago";"""CANAL DE CASTILLA""";"C/ LA ESTACIÓN, 2";"34440";"Palencia";"Frómista";"FROMISTA";"FROMISTA";"979810193";"630430910";"";"";"josemarcosf@wanadoo.es";"";"";"";
"Albergue turístico superior de los Caminos a Santiago";"""ESTRELLA DEL CAMINO""";"C/ ESPAÑOL S/N";"34440";"Palencia";"Frómista";"FROMISTA";"FROMISTA";"979810053";"653751582";"";"";"";"";"";"";
"Albergue turístico superior";"""COMPLEJO TURÍSTICO  EL VALLE""";"C/ EL VALLE, 3";"34100";"Palencia";"Saldaña";"SALDAÑA";"SALDAÑA";"979892026";"615389480";"";"979892026";"info@villarromana.com";"";"";"";
"Albergue turístico de los Caminos a Santiago";"""ITERO.LA MOCHILA""";"C/ SANTA ANA, 3";"34468";"Palencia";"Itero de la Vega";"ITERO DE LA VEGA";"ITERO DE LA VEGA";"979151781";"";"";"";"culoma@hotmail.com";"";"";"";
"Albergue turístico de los Caminos a Santiago";"""EL PALOMAR""";"C/ LAS HUERTAS, 4";"34347";"Palencia";"Ledigos";"LEDIGOS";"LEDIGOS";"979883605";"979883614";"";"";"";"";"";"";
"Albergue turístico superior de los Caminos a Santiago";"""LOS TEMPLARIOS""";"C/ CRTA. BURGOS-TERRADILLOS, S/N";"34349";"Palencia";"Lagartos";"TERRADILLOS DE LOS TEMPLARIOS";"TERRADILLOS DE LOS TEMPLARIOS";"979065968";"667252279";"";"";"alberguelostemplarios@hotmail.com";"www.alberguelostemplarios.com";"";"";
"Albergue turístico de los Caminos a Santiago";"""EN EL CAMINO""";"C /FRANCOS, 3";"34468";"Palencia";"Boadilla del Camino";"BOADILLA DEL CAMINO";"BOADILLA DEL CAMINO";"979810284";"629166545";"";"";"hotelrural@boadilladelcamino.com";"www.boadilladelcamino.com";"";"";
"Albergue de peregrinos sin fin lucrativo";"""PUTZU""";"C/ LAS BODEGAS, 9";"34468";"Palencia";"Boadilla del Camino";"BOADILLA DEL CAMINO";"BOADILLA DEL CAMINO";"ooooooooooooooooo";"";"";"";"putzualbergue@hotmail.com";"";"";"";
"Albergue turístico superior";"BUENAESPERANZA";"FINCA BUENA ESPERANZA, S/N";"37183";"Salamanca";"Morille";"MORILLE";"MORILLE";"923170185";"";"";"";"";"";"";"";
"Albergue turístico";"SIETE PEÑAS";"ABAJO, 38";"37717";"Salamanca";"Vallejera de Riofrío";"VALLEJERA DE RIOFRIO";"VALLEJERA DE RIOFRIO";"923083021";"699086985";"";"923083021";"alberguevallejera@gmail.com";"www.alberguesietepeñas.es";"";"";
"Albergue turístico de los Caminos a Santiago";"ALBA-SORAYA";"BAÑOS, S/N";"37714";"Salamanca";"Calzada de Béjar (La)";"CALZADA DE BEJAR (LA)";"CALZADA DE BEJAR (LA)";"646410643";"923416573";"";"923416505";"";"";"";"";
"Albergue turístico de los Caminos a Santiago";"DON ANTONINO Y DOÑA CINIA";"AV PADRE EUSTOQUIO, 16";"24391";"León";"Valverde de la Virgen";"VIRGEN DEL CAMINO (LA)";"VIRGEN DEL CAMINO (LA)";"987302800";"";"";"";"";"";"";"";
"Albergue turístico de los Caminos a Santiago";"LIBERANOS DOMINE";"PZA/FRANCISCO RIVERAS,10";"09130";"Burgos";"Rabé de las Calzadas";"RABE DE LAS CALZADAS";"RABE DE LAS CALZADAS";"695116901";"";"";"";"";"";"";"";
"Albergue turístico de los Caminos a Santiago";"ALBERGUE MUNICIPAL DE AGÉS";"CL/DEL MEDIO, 21";"09199";"Burgos";"Arlanzón";"AGES";"AGES";"947400697";"660044575";"";"";"info@alberguedeages.com";"www.alberguedeages.com";"";"";
"Albergue turístico";"CAMPELIN";"VALDEPICOS, 16";"24000";"León";"Sancedo";"OCERO";"OCERO";"987000000";"";"";"";"";"";"";"";
"Albergue turístico";"ALBERGUE DE VEGACERVERA ""EL CHALTEN""";"SAN JUAN, S/N";"24836";"León";"Vegacervera";"VEGACERVERA";"VEGACERVERA";"987591376";"686045743";"";"";"correo@elchalten.es";"www.elchalten.es";"";"";
"Albergue turístico superior";"SERRILLA";"REAL, 22-24";"24836";"León";"Matallana de Torío";"SERRILLA";"SERRILLA";"987578384";"";"";"";"info@albergueserrilla.com ; albergueserrilla@yahoo.es";"www.albergueserrilla.com ; www.campamentosveranoenlamontaña.es";"";"";
"Albergue turístico superior";"EL BOSQUE DE LOS SUEÑOS";"EL BAHILLO, S/N";"24492";"León";"Cubillos del Sil";"CUBILLOS DEL SIL";"CUBILLOS DEL SIL";"661502582";"";"";"";"";"";"";"";
"Albergue turístico de los Caminos a Santiago";"TIO PEPE";"TESO DE LA IGLESIA, 2";"24392";"León";"Chozas de Abajo";"VILLAR DE MAZARIFE";"VILLAR DE MAZARIFE";"636794889";"";"";"";"";"";"";"";
"Albergue turístico de los Caminos a Santiago";"ALBERGUE MUNICIPAL DE TRABADELO";"CAMINO DE SANTIAGO, S/N";"24523";"León";"Trabadelo";"TRABADELO";"TRABADELO";"987566413";"";"";"";"";"";"";"";
"Albergue turístico";"LAS AGUEDAS";"C/ CAMINO DE SANTIAGO, 52";"24718";"León";"Astorga";"MURIAS DE RECHIVALDO";"MURIAS DE RECHIVALDO";"987691234";"636067840";"";"";"lasaguedas@yahoo.es";"www.lasaguedas.com";"";"";
"Albergue turístico de los Caminos a Santiago";"SAN ANTONIO DE PADUA";"C/ LEON, 33";"24392";"León";"Chozas de Abajo";"VILLAR DE MAZARIFE";"VILLAR DE MAZARIFE";"987390192";"";"";"";"alberguesanantoniodepadua@hotmail.com";"";"";"";
"Albergue de peregrinos sin fin lucrativo";"ALBERGUE MUNICIPAL DE VILLADANGOS DEL PARAMO";"PLAZA MAYOR, 1";"24392";"León";"Villadangos del Páramo";"VILLADANGOS DEL PARAMO";"VILLADANGOS DEL PARAMO";"987390003";"";"";"";"";"";"";"";
"Albergue de peregrinos sin fin lucrativo";"EL ROBLE";"CTRA. N-VI., KM.426";"24520";"León";"Vega de Valcarce";"VEGA DE VALCARCE";"VEGA DE VALCARCE";"696161604";"";"";"";"elrobledevega@gmail.com";"";"";"";
"Albergue de peregrinos sin fin lucrativo";"CAMINO DEL SALVADOR";"BAJO LA VILLA, 4";"24608";"León";"Pola de Gordón (La)";"BUIZA";"BUIZA";"987575566";"987597031";"679860372";"";"";"";"";"";
"Albergue de peregrinos sin fin lucrativo";"ALBERGUE MUNICIPAL DE RELIEGOS";"ZAPARDIEL SEGUNDA, 13";"24339";"León";"Santas Martas";"RELIEGOS";"RELIEGOS";"987317801";"";"";"";"";"";"";"";
"Albergue turístico";"SANTA CATALINA";"PASEO SANTA CATALINA, S/N";"24840";"León";"Vecilla (La)";"VECILLA DE CURUEÑO (LA)";"VECILLA DE CURUEÑO (LA)";"987741212";"";"";"";"granjasantacatalina@hotmail.com";"www.stacatalina.com";"";"";
"Albergue turístico de los Caminos a Santiago";"LA LAGUNA";"LA LAGUNA, 12";"24343";"León";"Burgo Ranero (El)";"BURGO RANERO (EL)";"BURGO RANERO (EL)";"987330094";"607163982";"";"";"";"";"";"";
"Albergue de peregrinos sin fin lucrativo";"ALBERGUE DE PEREGRINOS DE PUENTE DUERO";"CAMINO DE ANIAGO S/N";"47152";"Valladolid";"Valladolid";"PUENTE DUERO-ESPARRAGAL";"PUENTE DUERO-ESPARRAGAL";"678318188";"";"";"";"ajova_s@fahoo.es";"www.ajova.es";"";"";
"Albergue turístico de los Caminos a Santiago";"CONVENTO DE FONCEBADON";"TRAVESIA CALLE REAL, S/N";"24722";"León";"Santa Colomba de Somoza";"FONCEBADON";"FONCEBADON";"658974818";"";"";"";"";"";"";"";
"Albergue de peregrinos sin fin lucrativo";"ULTREIA";"LA FABA";"24000";"León";"Vega de Valcarce";"FABA (LA)";"FABA (LA)";"630836865";"";"";"";"";"";"";"";
"Albergue turístico";"NATUROCIO VALLE DE ARBAS";"LA VILLA, S/N";"24688";"León";"Villamanín";"CUBILLAS DE ARBAS";"CUBILLAS DE ARBAS";"629331738";"";"";"";"NATUROCIOLEON@GMAIL.COM";"";"";"";
"Albergue turístico de los Caminos a Santiago";"LA CASA DEL MAESTRO";"C/ DEL MEDIO, Nº 42";"47191";"Valladolid";"Ciguñuela";"CIGUÑUELA";"CIGUÑUELA";"983593000";"";"";"";"";"";"";"";
"Albergue turístico";"ALBERGUE RURAL DE PURAS";"C/ OLMO, Nº 3";"47419";"Valladolid";"Puras";"PURAS";"PURAS";"983626008";"646814817";"";"";"crpuras@terra.es";"";"";"";
"Albergue turístico";"LAS CORTAS DE BLAS";"FINCA CORTAS DE BLAS";"47014";"Valladolid";"Villalba de los Alcores";"VILLALBA DE LOS ALCORES";"*DISEMINADO*";"983104000";"";"";"983721517";"informacion@cortasdeblas.net";"www.cortasdeblas.net";"";"";
"Albergue de peregrinos sin fin lucrativo";"CASA NOSTRA";"CL/ REAL DE ORIENTE, 52";"09110";"Burgos";"Castrojeriz";"CASTROJERIZ";"CASTROJERIZ";"947377493";"";"";"";"encastrojeriz@hotmail.com";"";"";"";
"Albergue de peregrinos sin fin lucrativo";"HORNILLOS DEL CAMINO";"CL/SAN ROMÁN,16";"09230";"Burgos";"Hornillos del Camino";"HORNILLOS DEL CAMINO";"HORNILLOS DEL CAMINO";"620966716";"947-411050";"";"";"balbinoac@hotmail.com";"";"";"";
"Albergue de peregrinos sin fin lucrativo";"EL CAMINANTE";"CL/ MAYOR, 36";"09250";"Burgos";"Belorado";"BELORADO";"BELORADO";"947580231";"656873927";"";"";"";"";"";"";
"Albergue de peregrinos sin fin lucrativo";"DIVINA PASTORA";"CL/ LAIN CALVO, 10";"09003";"Burgos";"Burgos";"BURGOS";"BURGOS";"947207952";"";"";"";"";"";"";"";
"Albergue turístico de los Caminos a Santiago";"ALBERGUE TAU SANTA CLARA";"C/ SANTA CLARA, Nº 1";"47800";"Valladolid";"Medina de Rioseco";"MEDINA DE RIOSECO";"MEDINA DE RIOSECO";"983700982";"";"";"";"clarisasrioseco@gmail.com";"www.clarisasderioseco.blog";"";"";
"Albergue turístico";"SERRANO II";"ESTACION DE ESQUI Y DE MONTAÑA ""LA PINILLA""";"40592";"Segovia";"Cerezo de Arriba";"PINILLA (LA)";"PINILLA (LA)";"921551113";"";"";"921551141";"albergue@lapinilla.es";"www.lapinilla.es";"";"";
"Albergue turístico";"PUERTA DEL CAMPO";"CTRA. DE RIOFRIO, KM. 1,3";"40100";"Segovia";"Real Sitio de San Ildefonso";"SAN ILDEFONSO O LA GRANJA";"*DISEMINADO*";"921471861";"";"";"";"";"";"";"";
"Albergue turístico superior";"GRANJA ESCUELA CASAVIEJA";"CAMINO DE LAS NAVAS, S/N";"05450";"Ávila";"Casavieja";"CASAVIEJA";"CASAVIEJA";"918678522";"";"";"";"";"";"";"";
"Albergue turístico";"VALLE DE LA SALUD";"PARAJE MAJALECHAL";"05440";"Ávila";"Piedralaves";"PIEDRALAVES";"PIEDRALAVES";"918666460";"670640762";"";"";"indose@tualbergue.com";"";"";"";
"Albergue de peregrinos sin fin lucrativo";"LAS TENERIAS";"AVENIDA DE MADRID, 84";"05003";"Ávila";"Ávila";"AVILA";"AVILA";"699327792";"";"";"";"raquel57@telefonica.net";"www.amigosdelcaminoenavila.org";"";"";
"Albergue turístico superior de los Caminos a Santiago";"CASA ANITA ALBERGUE T.S. CAMINOS SANTIAGO";"C/ SANTA MARTA, 3";"49626";"Zamora";"Santa Croya de Tera";"SANTA CROYA DE TERA";"SANTA CROYA DE TERA";"980645244";"980645244";"626239852";"";"info@alberguecasaanita.com";"www.alberguecasaanita.com";"";"";
"Albergue turístico superior";"ALBERGUE MUNICIPAL DE LA ERCINA";"AYUNTAMIENTO, 1";"24870";"León";"Ercina (La)";"ERCINA (LA)";"ERCINA (LA)";"648035831";"";"";"";"info@tesonserviciosdeportivos.com";"www.tesonserviciosdeportivos.com";"";"";
"Albergue turístico de los Caminos a Santiago";"EL PAJAR DE AGÉS";"CL/MEDIO PARALELA,12";"09199";"Burgos";"Arlanzón";"AGES";"AGES";"947400629";"699273856";"";"947400629";"casaroja2013@hotmail.es";"www.elpajardeages.es";"";"";
"Albergue turístico superior";"EL SOTO";"EL SOTO, 10";"24850";"León";"Boñar";"BOÑAR";"BOÑAR";"987735474";"";"";"";"";"";"";"";
"Albergue turístico";"BALCON DEL VAL";"C/ CAÑADA REAL, S/N";"40591";"Segovia";"Cerezo de Abajo";"CEREZO DE ABAJO";"CEREZO DE ABAJO";"921557390";"686801212";"";"";"balcondelval.@hotmail.com";"www.balcondelval.com";"";"";
"Albergue turístico de los Caminos a Santiago";"""VIRGEN DE LA CARBALLEDA""";"SANTUARIO DE LA CARBALLEDA/ Ctra. NAL. 525. Km, 49";"49326";"Zamora";"Rionegro del Puente";"RIONEGRO DEL PUENTE";"RIONEGRO DEL PUENTE";"606383753";"980652084";"980652132";"980652084";"mozarabesanabres@gmail.com / carballeda@wanadoo.es";"";"";"";
"Albergue turístico de los Caminos a Santiago";"VILLANUEVA DE CAMPEAN";"Callejón del Señor s/n";"49708";"Zamora";"Villanueva de Campeán";"VILLANUEVA DE CAMPEAN";"VILLANUEVA DE CAMPEAN";"696445337";"722160163";"";"";"aytovillanuevacampean@gmail.com";"";"";"";
"Albergue turístico";"AREVA VALSAIN";"CTRA. NAVACERRADA, Nº 7";"40109";"Segovia";"Real Sitio de San Ildefonso";"PRADERA DE NAVALHORNO (LA)";"PRADERA DE NAVALHORNO (LA)";"921434472";"635620400";"";"921434472";"areva@areva-valsain.com";"www.areva-valsain.com";"";"";
"Albergue turístico superior de los Caminos a Santiago";"CRISPETA";"CAMINO DE SANTIAGO, 1";"24523";"León";"Trabadelo";"TRABADELO";"TRABADELO";"987566529";"";"";"";"";"";"";"";
"Albergue turístico superior de los Caminos a Santiago";"EL PEREGRINO";"CTRA. NAL. VI";"24524";"León";"Vega de Valcarce";"PORTELA DE VALCARCE (LA)";"PORTELA DE VALCARCE (LA)";"987543197";"";"";"";"";"";"";"";
"Albergue turístico de los Caminos a Santiago";"CASA CERVIÑO";"AVDA. JUAN SEISDEDOS, Nº 45";"49394";"Zamora";"Requejo";"REQUEJO";"REQUEJO";"980620505";"980620505";"";"";"info@albergue-sanabria.com";"www.albergue-sanabria.com";"";"";
"Albergue turístico de los Caminos a Santiago";"ALBERGUE VIEIRA";"AVENIDA PEREGRINOS, S/N";"24393";"León";"Santa Marina del Rey";"SAN MARTIN DEL CAMINO";"SAN MARTIN DEL CAMINO";"987378565";"";"";"";"";"";"";"";
"Albergue turístico superior";"""CASA DE LA GOTA""";"C/ LA CERRADA Nº5";"34820";"Palencia";"Barruelo de Santullán";"BARRUELO DE SANTULLAN";"BARRUELO DE SANTULLAN";"979606184";"979606125";"630944521";"";"ines@chechu.es";"www.casadelagota.com";"";"";
"Albergue de peregrinos sin fin lucrativo";"ALBERGUE DE PEREGRINOS DE MONTAMARTA";"Ctra. Villacastín a Vigo, Km - 261";"49149";"Zamora";"Montamarta";"MONTAMARTA";"MONTAMARTA";"980550112";"980550112";"";"";"aytomontamarta@yahoo.es";"";"";"";
"Albergue de peregrinos sin fin lucrativo";"ALBERGUE DE PEREGRINOS - ALCAÑICES";"C/ CAMINO DE LA ATALAYA, 2";"49500";"Zamora";"Alcañices";"ALCAÑICES";"ALCAÑICES";"980680001";"980680001";"";"";"";"";"";"";
"Albergue de peregrinos sin fin lucrativo";"ALBERGUE DE PEREGRINOS DE ""EL CUBO DEL VINO""";"C/ Eras de Arriba, s/n";"49710";"Zamora";"Cubo de Tierra del Vino (El)";"CUBO DE TIERRA DEL VINO (EL)";"CUBO DE TIERRA DEL VINO (EL)";"980577301";"980577301";"";"";"";"";"";"";
"Albergue de peregrinos sin fin lucrativo";"ALBERGUE MUNICIPAL  PEREGRINOS ""CIUDAD DE ZAMORA""";"CUESTA DE SAN CIPRIANO, S/N";"49001";"Zamora";"Zamora";"ZAMORA";"ZAMORA";"980509427";"980548700";"";"";"turismo@zamora.es";"www.ayto-zamora.org                 www.zamora.es";"";"";
"Albergue de peregrinos sin fin lucrativo";"SAN LÁZARO";"CL/MAYOR,24";"09259";"Burgos";"Redecilla del Camino";"REDECILLA DEL CAMINO";"REDECILLA DEL CAMINO";"947585221";"947580283";"";"947588078";"albergue-redeci@terra.es";"";"";"";
"Albergue de peregrinos sin fin lucrativo";"EL PAJAR DE AGÉS-CASA ROJA";"CL/DEL MEDIO,2";"09199";"Burgos";"Arlanzón";"AGES";"AGES";"947400629";"699273856";"";"";"casaroja2013@hotmail.es";"www.elpajardeages.es";"";"";
"Albergue turístico";"ZARRIZUELAS";"C/ LA TORRE, Nº 2";"40340";"Segovia";"Aguilafuente";"AGUILAFUENTE";"AGUILAFUENTE";"606660365";"";"";"";"info@zarrizuelas.com";"www.zarrizuelas.com";"";"";
"Albergue de peregrinos sin fin lucrativo";"A SANTIAGO";"CAMINO DE REDOÑA,S/N";"09250";"Burgos";"Belorado";"BELORADO";"BELORADO";"947562164";"677811847";"";"947562165";"albergueasantiago@hotmail.com";"www.a-santiago.es";"";"";
"Albergue turístico de los Caminos a Santiago";"SAN RAFAEL";"CL/ADOBERA,16";"09199";"Burgos";"Arlanzón";"AGES";"AGES";"947430392";"661263289";"";"947430322";"alberguesanrafael2010@hotmail.com";"www.actiweb.es/alberguesanrafael2010";"";"";
"Albergue turístico";"LA CASONA DEL PRADO";"CTRA. NAL 110, RIAZA A SORIA, KM. 114";"40500";"Segovia";"Riaza";"RIAZA";"RIAZA";"914012502";"";"";"";"";"";"";"";
"Albergue turístico superior de los Caminos a Santiago";"SANTA BRÍGIDA";"CL/REAL,19";"09227";"Burgos";"Hontanas";"HONTANAS";"HONTANAS";"628927317";"";"";"";"sanbolysantabrigida@hotmail.com";"";"";"";
"Albergue turístico superior";"EL DIABLO DE LA PEÑA";"TRAVESIA DEL CARES, 9";"24915";"León";"Posada de Valdeón";"CAIN DE VALDEON";"CAIN DE VALDEON";"987740562";"";"";"";"";"";"";"";
"Albergue turístico de los Caminos a Santiago";"ALBERGUE DE PEREGRINOS DE BEJAR";"CTRA. CV-186, KM. 14";"37700";"Salamanca";"Béjar";"BEJAR";"BEJAR";"923411720";"626547279";"";"";"albergue@barrocolorao.es";"www.barrocolorao.es";"";"";
"Albergue turístico superior";"GRANJA ESCUELA LA UNIVERSAL";"CAMINO DE SOTOSALBOS, S/N";"40180";"Segovia";"Santo Domingo de Pirón";"SANTO DOMINGO DE PIRON";"SANTO DOMINGO DE PIRON";"921404298";"";"";"";"";"";"";"";
"Albergue turístico";"CASA NATAL DE SANTA TERESA";"PLAZA DE LA SANTA, 2";"05001";"Ávila";"Ávila";"AVILA";"AVILA";"920211030";"";"";"";"avila@ocdcastilla.org";"";"";"";
"Albergue turístico";"EL LABRIEGO";"DOCTORES BERMEJO Y CALDERON, 9";"24320";"León";"Sahagún";"SAHAGUN";"SAHAGUN";"622646136";"987782123";"";"";"reservas@alberguesellabriego.com";"alberguesellabriego.com";"";"";
"Albergue de peregrinos sin fin lucrativo";"SAN ROQUE";"CL/CAYETANO ORTIZ,39";"09258";"Burgos";"Villambistia";"VILLAMBISTIA";"VILLAMBISTIA";"660797011";"";"";"947582044";"villambistia@diputaciondeburgos.net";"";"";"";
"Albergue de peregrinos sin fin lucrativo";"ACACIO & ORIETTA";"CL/NUEVA,6";"09259";"Burgos";"Viloria de Rioja";"VILORIA DE RIOJA";"VILORIA DE RIOJA";"947585220";"";"";"";"casaperegrina@yahoo.es";"www.peregrinando.org";"";"";
"Albergue de peregrinos sin fin lucrativo";"ALBERGUE MUNICIPAL DE TÁBARA";"CAMINO DE SOTILLO S/N";"49140";"Zamora";"Tábara";"TABARA";"TABARA";"980590015";"980590015";"";"";"albergue@aytotabara.com  / alcalde@aytotabara.com";"www.aytotabara.com";"";"";
"Albergue de peregrinos sin fin lucrativo";"ALBERGUE DE PEREGRINOS MUNICIPAL DE LUBIÁN";"c/ SAN SEBASTIÁN, S/N";"49570";"Zamora";"Lubián";"LUBIAN";"LUBIAN";"639751533";"980624003";"";"980624003";"aytolubian@telefonica.net";"";"";"";
"Albergue turístico";"AIRES DEL DUERO";"ARRIBES DEL DUERO, 1";"37160";"Salamanca";"Villarino de los Aires";"VILLARINO DE LA AIRES";"VILLARINO DE LOS AIRES";"923142019";"980161854";"616001800";"980161854";"albergue@turma.es";"www.albergueairesdelduero.es";"";"";
"Albergue de peregrinos sin fin lucrativo";"SAN JAVIER";"PORTERIA, 6";"24700";"León";"Astorga";"ASTORGA";"ASTORGA";"987618532";"";"";"";"";"";"";"";
"Albergue de peregrinos sin fin lucrativo";"LA HUTTE";"CL/EN MEDIO,38";"09199";"Burgos";"Atapuerca";"ATAPUERCA";"ATAPUERCA";"947430320";"661980297";"";"";"papasol@burgosturismorural.com";"www.burgosturismorural.com";"";"";
"Albergue turístico superior";"CENTRO INTERPRETACION NATURALEZA MATALLANA";"FINCA COTO BAJO DE MATALLANA, S/N.";"47639";"Valladolid";"Villalba de los Alcores";"VILLALBA DE LOS ALCORES";"*DISEMINADO*";"983721599";"983427174";"983427173";"";"matallana@dip-valladolid.es";"www.provinciadevalladolid.com";"";"";
"Albergue turístico";"RESIDENCIA PARA  ENSEÑANZA DE YOGA  Y  MEDITACION";"FINCA ARROYO DE LAS CORZAS, S/N";"40180";"Segovia";"Basardilla";"BASARDILLA";"BASARDILLA";"921120065";"916623952";"";"";"";"";"";"";
"Albergue turístico superior de los Caminos a Santiago";"VIA TRAJANA";"CALLE MAYOR, 55";"24343";"León";"Burgo Ranero (El)";"CALZADILLA DE LOS HERMANILLOS";"CALZADILLA DE LOS HERMANILLOS";"987337610";"";"";"";"";"";"";"";
"Albergue turístico";"ALBERGUE TURISTICO LOS MESONES";"CALZADA SALAMANCA, 20";"37100";"Salamanca";"Ledesma";"LEDESMA";"LEDESMA";"676218216";"606945043";"";"";"turrionsan@gmail.com";"";"";"";
"Albergue turístico de los Caminos a Santiago";"ALBERGUE ""CASA LUZ""";"C/ PADRE VICENTE SALGADO, Nº 14";"49300";"Zamora";"Puebla de Sanabria";"PUEBLA DE SANABRIA";"PUEBLA DE SANABRIA";"980620268";"619751762";"";"";"info@alberguecasaluz.com";"www.alberguecasaluz.es";"";"";
"Albergue turístico de los Caminos a Santiago";"ALBERGUE DEL CANAL DE CASTILLA";"NAVE II DE LA DARSENA DEL CANAL DE CASTILLA.";"47800";"Valladolid";"Medina de Rioseco";"MEDINA DE RIOSECO";"MEDINA DE RIOSECO";"983701923";"983427174";"";"983427173";"canal.castilla@dip-valladolid.es";"www.provinciadevalladolid.com";"";"";
"Albergue turístico superior";"ALBERGUE DE SABERO";"AVDA. 10 DE ENERO, S/N";"24810";"León";"Sabero";"SABERO";"SABERO";"686207899";"";"";"";"info@avenesla.com";"www.avenesla.com";"";"";
"Albergue turístico superior";"CAÑADA REAL";"ANSELMO DE LA ORDEN, 15";"42146";"Soria";"Abejar";"ABEJAR";"ABEJAR";"975373297";"";"";"";"albergue-abejar@terra.es";"www.alberguedeabejar.com";"";"";
"Albergue turístico";"VILLARES DE ORBIGO";"ARNAL, 21";"24288";"León";"Villares de Órbigo";"VILLARES DE ORBIGO";"VILLARES DE ORBIGO";"987132935";"";"";"";"";"";"";"";
"Albergue turístico de los Caminos a Santiago";"DON CAMINO";"C/ LA RONDA Nº5";"34449";"Palencia";"Villalcázar de Sirga";"VILLALCAZAR DE SIRGA";"VILLALCAZAR DE SIRGA";"979888163";"620399040";"620116096";"";"aureafederico@hotmail.com";"";"";"";
"Albergue turístico";"PORTILLA";"CTRA. SANTANDER, 1";"24913";"León";"Boca de Huérgano";"PORTILLA DE LA REINA";"PORTILLA DE LA REINA";"987740473";"";"";"";"";"";"";"";
"Albergue de peregrinos sin fin lucrativo";"ALBERGUE MUNICIPAL DE VILLAFRANCA MONTES DE OCA";"CL/MAYOR,17";"09257";"Burgos";"Villafranca Montes de Oca";"VILLAFRANCA MONTES DE OCA";"VILLAFRANCA MONTES DE OCA";"947582111";"";"";"";"";"";"";"";
"Albergue de peregrinos sin fin lucrativo";"ALBERGUE PARROQUIAL SANTA MARÍA";"CLÉRIGO PASTOR, S/N";"34120";"Palencia";"Carrión de los Condes";"CARRION DE LOS CONDES";"CARRION DE LOS CONDES";"979880768";"979880354";"";"";"";"";"";"";
"Albergue de peregrinos sin fin lucrativo";"ESPIRITU SANTO";"Plaza San Juan, nº 4";"34120";"Palencia";"Carrión de los Condes";"CARRION DE LOS CONDES";"CARRION DE LOS CONDES";"979880052";"";"";"";"albergueespiritusanto@yahoo.es";"";"";"";
"Albergue de peregrinos sin fin lucrativo";"SANTA CLARA";"Santa Clara, nº 1";"34120";"Palencia";"Carrión de los Condes";"CARRION DE LOS CONDES";"CARRION DE LOS CONDES";"979880837";"979880837";"979880134";"";"clarisascarrión@planalfa.es";"WWW.archimadrid.es/vidaconsagrada/";"";"";
"Albergue de peregrinos sin fin lucrativo";"CAMINO REAL";"2ª Trasera Mayor, 8";"34309";"Palencia";"Cervatos de la Cueza";"CALZADILLA DE LA CUEZA";"CALZADILLA DE LA CUEZA";"979883187";"616483517";"";"";"cesaracero2004@yahoo.es";"";"";"";
"Albergue de peregrinos sin fin lucrativo";"ALBERGUE ""LA FRAGUA""";"CALLE REGUERO,  S/N";"49325";"Zamora";"Cernadilla";"CERNADILLA";"CERNADILLA";"980644424";"";"";"";"";"";"";"";
"Albergue de peregrinos sin fin lucrativo";"ALBERGUE DE PEREGRINOS DE FONTANILLAS";"CTRA. GIJÓN - SEVILLA. NAL-630";"49144";"Zamora";"San Cebrián de Castro";"FONTANILLAS DE CASTRO";"FONTANILLAS DE CASTRO";"615974962";"980555507";"";"";"aytosancebri@telefonica.net";"";"";"";
"Albergue turístico";"UBALDO NIETO DE ALBA";"LA RODA, 1";"24544";"León";"Carracedelo";"CARRACEDO DEL MONASTERIO";"CARRACEDO DEL MONASTERIO";"608888211";"987549219";"";"";"info@begatur.com";"www.begatur.com";"";"";
"Albergue de peregrinos sin fin lucrativo";"EL ACEBO";"LA CRUZ, 6";"24413";"León";"Molinaseca";"ACEBO";"ACEBO";"987695074";"";"";"";"";"";"";"";
"Albergue de peregrinos sin fin lucrativo";"ALBERGUE DE PEREGRINOS EMAÚS";"CL/SAN PEDRO DE CARDEÑA,31 BIS";"09002";"Burgos";"Burgos";"BURGOS";"BURGOS";"947252850";"656827777";"";"";"peregrinosemaus@gmail.com";"";"";"";
"Albergue de peregrinos sin fin lucrativo";"ALBERGUE MUNICIPAL POBLACION DE CAMPOS";"C/FRANCESA Nº 3";"34449";"Palencia";"Población de Campos";"POBLACION DE CAMPOS";"POBLACION DE CAMPOS";"979811099";"625469326";"";"";"info@amanecerencampos.com";"";"";"";
"Albergue de peregrinos sin fin lucrativo";"EL SAMBOL";"EL PÁRAMO DE IGLESIAS, (POL 506-PARCELA 326)";"09227";"Burgos";"Iglesias";"IGLESIAS";"*DISEMINADO*";"628927317";"619565429";"696858770";"";"sanbolysantabrigida@hotmail.com";"";"";"";
"Albergue turístico de los Caminos a Santiago";"AMANECER";"C/JOSE ANTONIO Nº2";"34447";"Palencia";"Villarmentero de Campos";"VILLARMENTERO DE CAMPOS";"VILLARMENTERO DE CAMPOS";"629178543";"";"";"";"";"";"";"";
"Albergue de peregrinos sin fin lucrativo";"ALBERGUE MUNICIPAL NUESTRA SRA. DE LA ASUNCI'ON";"CALLE CASTRO ALTO, S/N";"49325";"Zamora";"Asturianos";"ASTURIANOS";"ASTURIANOS";"980626023";"699460160";"";"";"aytoasturianos@terra.es";"";"";"";
"Albergue turístico";"ALBERGUE DE YANGUAS";"ARRABAL, 43";"42172";"Soria";"Yanguas";"YANGUAS";"YANGUAS";"975678330";"639891120";"";"";"";"";"";"";
"Albergue turístico";"REVOLUTUM HOSTEL";"SANCHEZ BARBERO, 7";"37002";"Salamanca";"Salamanca";"SALAMANCA";"SALAMANCA";"923217656";"";"";"";"info@revolutumhostel.com";"www.revolutumhostel.com";"";"";
"Albergue turístico";"LA CABAÑUELA";"CAMINO DE BERGANCIANO, 16";"37171";"Salamanca";"Monleras";"MONLERAS";"MONLERAS";"648856611";"";"";"";"reservas@lacabanuela.es";"www.lacabanuela.es";"";"";
"Albergue turístico superior";"BOCIGAS ACTIVO";"PLAZA MAYOR 2";"47419";"Valladolid";"Bocigas";"BOCIGAS";"BOCIGAS";"983626061";"646203022";"915447918";"";"jdomingo@touractive.com";"www.touractive.com";"";"";
"Albergue turístico";"TIERRA DE CAMPOS";"CORRO EL POSTIGO 1";"34337";"Palencia";"Fuentes de Nava";"FUENTES DE NAVA";"FUENTES DE NAVA";"610 505 860";"979 842 398";"679 171 431";"";"lanava@fundacionglobalnature.org";"www.fundacionglobalnature.org";"";"";
"Albergue turístico";"MOLINO DE BUTRERA";"CL/MOLINO DE BUTRERA,S/N";"09568";"Burgos";"Merindad de Sotoscueva";"BUTRERA";"BUTRERA";"947131168";"";"";"";"marcos@butrera.com";"www.butrera.com";"";"";
"Albergue de peregrinos sin fin lucrativo";"RUTA VADINIENSE";"C/ SAN BERNARDO, 50";"24160";"León";"Gradefes";"GRADEFES";"GRADEFES";"987333153";"";"";"";"";"";"";"";
"Albergue turístico superior";"FUENTE ALBERCHE";"PARAJE REGADERON, S/N  (IGLESIA 117)";"05133";"Ávila";"San Martín de la Vega del Alberche";"SAN MARTIN DE LA VEGA DEL ALBERCHE";"SAN MARTIN DE LA VEGA DEL ALBERCHE";"920296227";"680783088";"";"";"fuentealberche@yahoo.es";"www.fuentealberche.es";"";"";
"Albergue turístico";"LA RIVERA";"C/ SOL, 2";"37338";"Salamanca";"Huerta";"HUERTA";"HUERTA";"923362270";"628118833";"";"";"info@alberguelarivera.com";"www.alberguelarivera.com";"";"";
"Albergue turístico superior de los Caminos a Santiago";"HOSPITAL SAN BRUNO";"C/ ONTAÑÓN Nº 13";"34349";"Palencia";"Moratinos";"MORATINOS";"MORATINOS";"979061465";"672629658";"";"";"";"";"";"";
"Albergue turístico";"CASA SAN MARTIN";"C/  EJIDO, Nº 6";"40163";"Segovia";"Matabuena";"CAÑICOSA";"CAÑICOSA";"677501364";"914461518";"";"";"mariasanchezpayo@gmail.com";"";"";"";
"Albergue turístico de los Caminos a Santiago";"ALBERGUE VERDE";"AVDA. FUEROS DE LEON, 76";"24286";"León";"Hospital de Órbigo";"HOSPITAL DE ORBIGO";"HOSPITAL DE ORBIGO";"689927926";"";"";"";"albergueverde@albergueverde.es";"www.albergueverde.es";"";"";
"Albergue turístico de los Caminos a Santiago";"ALBERGUE ""LAS ERAS""";"C/ LAS ERAS, 21";"49760";"Zamora";"Barcial del Barco";"BARCIAL DEL BARCO";"BARCIAL DEL BARCO";"980640073";"980640073";"675550051";"";"BARBOROX@HOTMAIL.COM";"";"";"";
"Albergue turístico";"CANTABRICO SUR";"C/ REAL, S/N";"24111";"León";"Villablino";"CABOALLES DE ARRIBA";"CABOALLES DE ARRIBA";"649840774";"";"";"";"";"";"";"";
"Albergue turístico superior de los Caminos a Santiago";"VÍA MINERA";"CL/LA IGLESIA,1";"09192";"Burgos";"Cardeñuela Riopico";"CARDEÑUELA RIOPICO";"CARDEÑUELA RIOPICO";"652941647";"";"";"";"";"";"";"";
"Albergue turístico";"LA CONCHA";"AVDA. DE LA CONCHA, S/N";"37500";"Salamanca";"Ciudad Rodrigo";"CIUDAD RODRIGO";"CIUDAD RODRIGO";"654312957";"";"";"";"albergue@espacio-e.com";"www.alberguelaconcha.es";"";"";
"Albergue turístico";"ALBERGUE SENDAS DE RIAZA";"C/ LA FUENTE, Nº 4";"40542";"Segovia";"Valdevacas de Montejo";"VALDEVACAS DE MONTEJO";"VALDEVACAS DE MONTEJO";"917861347";"921121135";"";"917850702";"gsd@gsd.coop";"gredossandiego.coop";"";"";
"Albergue turístico superior de los Caminos a Santiago";"LA PARADA";"C/ LA ESCUELA, 7";"24339";"León";"Santas Martas";"RELIEGOS";"RELIEGOS";"987000000";"";"";"";"";"";"";"";
"Albergue turístico";"EL ALBERGUE DE COVALEDA";"MANUEL CAMARA, 96";"42158";"Soria";"Covaleda";"COVALEDA";"COVALEDA";"975370611";"638312739";"";"975380335";"elalberguedecovalleda@gmail.com";"";"";"";
"Albergue turístico";"HOSTEL ESCAPA2";"PASEO DE CANALEJAS, 14-16";"37001";"Salamanca";"Salamanca";"SALAMANCA";"SALAMANCA";"923261036";"633961597";"";"";"hostelescapa2@gmail.com";"";"";"";
"Albergue turístico de los Caminos a Santiago";"PUENTE FITERO";"SANTA MARIA Nº 3";"34468";"Palencia";"Itero de la Vega";"ITERO DE LA VEGA";"ITERO DE LA VEGA";"979151822";"";"";"";"";"";"";"";
"Albergue turístico";"EL CORRO";"CL/MAYOR,68";"09250";"Burgos";"Belorado";"BELORADO";"BELORADO";"947581419";"639307923";"";"";"albergueelcorro@gmail.com";"";"";"";
"Albergue de peregrinos sin fin lucrativo";"ALBERGUE TAU SANTA CLARA";"C/  SANTA CLARA, Nº 1";"47800";"Valladolid";"Medina de Rioseco";"MEDINA DE RIOSECO";"MEDINA DE RIOSECO";"983700982";"";"";"";"clarisasrioseco@gmail.com";"";"";"";
"Albergue turístico";"LOS ARRANES";"FINCA LOS HERRANES";"39232";"Burgos";"Alfoz de Bricia";"VILLAMEDIANA DE LOMAS";"VILLAMEDIANA DE LOMAS";"914090095";"625060526";"";"";"luis@arranes.net";"www.arranes.net";"";"";
"Albergue de peregrinos sin fin lucrativo";"ENTRE ADOBES";"CAMINO DE BERLANAS";"05163";"Ávila";"Gotarrendura";"GOTARRENDURA";"GOTARRENDURA";"629291917";"920269038";"";"";"aytogotarrendura@gmail.com";"";"";"";
"Albergue turístico superior de los Caminos a Santiago";"JACQUES DE MOLAY";"C/ LA IGLESIA Nº 18";"34349";"Palencia";"Lagartos";"TERRADILLOS DE LOS TEMPLARIOS";"TERRADILLOS DE LOS TEMPLARIOS";"657165011";"";"";"";"";"";"";"";
"Albergue turístico";"EL ACEBO";"COLONIA SAN MIGUEL, 8";"37728";"Salamanca";"Peñacaballera";"PEÑACABALLERA";"PEÑACABALLERA";"923414216";"644041828";"644048658";"";"elaceboturimorural@gmail.com";"www.elaceboturismorural.com";"";"";
"Albergue turístico";"SANTA FE - JUAN DE GARAY";"CL/CENTENARIO, S/N";"09511";"Burgos";"Junta de Villalba de Losa";"VILLALBA DE LOSA";"VILLALBA DE LOSA";"947-351597";"";"";"947-351597";"";"";"";"";
"Albergue turístico";"VALLE DE TOBALINA";"CTRA/MIRANDA, S/N";"09210";"Burgos";"Valle de Tobalina";"QUINTANA MARTIN GALINDEZ";"QUINTANA MARTIN GALINDEZ";"656711857";"";"";"";"alberguevalledetobalina@gmail.com";"www.alberguevalledetobalina.com";"";"";
"Albergue turístico superior";"OCTAVIO ALVAREZ CARBALLO";"CTRA. LE-497, KM.10 - EST. INVERNAL DE LEITARIEGOS";"24110";"León";"Villablino";"CABOALLES DE ABAJO";"CABOALLES DE ABAJO";"638604483";"680647495";"";"";"vivelaciana@gmail.com";"www.albergueleitariegos.com";"";"";
"Albergue de peregrinos sin fin lucrativo";"ALBERGUE DE PEREGRINOS DE TORDESILLAS";"CALLEJA DEL CORPUS, S/N";"47100";"Valladolid";"Tordesillas";"TORDESILLAS";"TORDESILLAS";"983770654";"";"";"983796076";"alcaldia@tordesillas.net";"";"";"";
"Albergue turístico superior de los Caminos a Santiago";"SAN PELAYO";"C/ ROMERO, 9";"24226";"León";"Villaturiel";"TOLDANOS";"PUENTE VILLARENTE DE VILLATURIEL";"987312677";"";"";"";"alberguesanpelayo@hotmail.es";"";"";"";
"Albergue turístico";"ARTEDEAMARTE";"C/ LAS ERAS, 1";"24414";"León";"Ponferrada";"ESPINOSO DE COMPLUDO";"ESPINOSO DE COMPLUDO";"987057933";"";"";"";"aliciacarretero1@hotmail.com";"www.artedeamarte.info";"";"";
"Albergue turístico superior";"VENTA DE ESLONZA";"C/ PORTILLERAS, 1";"24913";"León";"Boca de Huérgano";"VILLAFREA DE LA REINA";"VILLAFREA DE LA REINA";"987740109";"";"";"";"";"";"";"";
"Albergue turístico de los Caminos a Santiago";"SANTA ANA";"AVDA. PEREGRINOS, 12";"24393";"León";"Santa Marina del Rey";"SAN MARTIN DEL CAMINO";"SAN MARTIN DEL CAMINO";"672648192";"680917423";"";"";"martinez_sonia@hotmail.com";"";"";"";
"Albergue turístico";"FINCA RIO PORMA";"C/ PABLO DIEZ, S/N";"24152";"León";"Vegaquemada";"VEGAQUEMADA";"VEGAQUEMADA";"690786867";"";"";"";"";"";"";"";
"Albergue turístico";"LA PIZARRA";"C/ HERMENEGILDO MARTIN, S/N";"05260";"Ávila";"Cebreros";"CEBREROS";"CEBREROS";"918633282";"626303170";"";"9186303170";"";"";"";"";
"Albergue turístico";"HOYO DE LOS LOBOS";"C/ MIRADOR DE GREDOS, S/N";"05123";"Ávila";"Hoyocasero";"HOYOCASERO";"*DISEMINADO*";"652801109";"605871525";"";"";"diegomarlop@gmail.com";"";"";"";
"Albergue de peregrinos sin fin lucrativo";"ALBERGUE DE PEREGRINOS DE VILLALÓN DE CAMPOS";"C/  SAN JUAN";"47600";"Valladolid";"Villalón de Campos";"VILLALON DE CAMPOS";"VILLALON DE CAMPOS";"983740011";"";"";"";"aedl.villalon@dip-valladolid.es";"";"";"";
"Albergue turístico superior";"COMPLEJO RESIDENCIAL ""MIGUEL DELIBES""";"CTRA. DE BURGOS, S/N (BARRIO DE LAGOS)";"09142";"Burgos";"Valle de Sedano";"SEDANO";"SEDANO";"947-150171";"923207162";"620272643";"923207163";"residenciasedano@gmail.com";"www.residenciasedano.com";"";"";
"Albergue turístico de los Caminos a Santiago";"SAN LUIS DE FRANCIA";"CTRA/DE QUINTANILLA, S/N";"09259";"Burgos";"Fresneña";"VILLAMAYOR DEL RIO";"VILLAMAYOR DEL RIO";"947580566";"659967967";"";"";"alberguesanluisdefrancia@hotmail.com";"";"";"";
"Albergue turístico superior de los Caminos a Santiago";"SAN ANTONIO";"CL/HOSPITAL, 4";"09257";"Burgos";"Villafranca Montes de Oca";"VILLAFRANCA MONTES DE OCA";"VILLAFRANCA MONTES DE OCA";"947582150";"636988216";"";"947582149";"hotelsanantonabad@gmail.com";"www.hotelsanantonabad.com";"";"";
"Albergue turístico";"ALBERGUE MUNICIPAL DE BALBOA";"C/ CAMPO LA FERIA, S/N";"24525";"León";"Balboa";"BALBOA";"BALBOA";"987563739";"";"";"";"";"";"";"";
"Albergue turístico superior";"VALLE DE FENAR";"C/ LAS FUENTES, 4";"24648";"León";"Matallana de Torío";"ROBLEDO DE FENAR";"ROBLEDO DE FENAR";"987591245";"";"";"";"jaime.rodriguez@mundoenred.com";"www.gmrcamps.com";"";"";
"Albergue turístico";"EL ARENAL DE PELAYOS";"PLAZA MAYOR, 3";"37787";"Salamanca";"Pelayos";"PELAYOS";"PELAYOS";"923391593";"630889292";"";"923391593";"multiaventurapelayos@yahoo.es";"www.multiaventurapelayos.com";"";"";
"Albergue turístico";"GIL";"C/ CANTAS, 28";"24339";"León";"Santas Martas";"RELIEGOS";"RELIEGOS";"987317804";"";"";"";"";"";"";"";
"Albergue turístico";"ALBERGUE PEÑA REDONDA";"SAN MARTÍN 96";"34859";"Palencia";"Castrejón de la Peña";"VILLANUEVA DE LA PEÑA";"VILLANUEVA DE LA PEÑA";"630359353";"979877162";"";"";"";"";"";"";
"Albergue de peregrinos sin fin lucrativo";"ALBERGUE MUNICIPAL DE SAN ESTEBAN";"PZA/MAYOR,17";"09110";"Burgos";"Castrojeriz";"CASTROJERIZ";"CASTROJERIZ";"947377001";"";"";"";"ayto@castrojeriz.es";"";"";"";
"Albergue turístico de los Caminos a Santiago";"PIEDRAS BLANCAS II";"CAMINO REAL, S.N";"24339";"León";"Santas Martas";"RELIEGOS";"RELIEGOS";"987330094";"";"";"";"";"";"";"";
"Albergue turístico superior";"LA ENCINA";"AV SUERO DE QUIÑONES, S/N";"24300";"León";"Hospital de Órbigo";"HOSPITAL DE ORBIGO";"HOSPITAL DE ORBIGO";"987361087";"606306836";"";"";"segunramos@hotmail.com";"";"";"";
"Albergue de peregrinos sin fin lucrativo";"ALBERGUE MUNICIPAL DE PEREGRINOS DE BURGOS";"CL/FERNÁN GONZÁLEZ, 28";"09003";"Burgos";"Burgos";"BURGOS";"BURGOS";"947460922";"";"";"";"asociacion@caminosantiagoburgos.com";"";"";"";
"Albergue turístico";"LA ESMERALDA";"CL/SEGUNDA TRAVESÍA.BARRIO NUEVO, 6";"09471";"Burgos";"Santa Cruz de la Salceda";"SANTA CRUZ DE LA SALCEDA";"SANTA CRUZ DE LA SALCEDA";"947557446";"620059876";"";"";"chutamida_51@hotmail.com";"";"";"";
"Albergue turístico";"SANTA LUCIA";"C/ DOCTOR VELEZ, 17";"24393";"León";"Santa Marina del Rey";"VILLAVANTE";"VILLAVANTE";"987389105";"";"";"";"alberguesantalucia@hotmail.com";"www.alberguesantalucia.es";"";"";
"Albergue turístico";"MUNICIPAL DE VILVESTRE";"C/ PRIMO DE RIVERA, 8";"37258";"Salamanca";"Vilvestre";"VILVESTRE";"VILVESTRE";"923524627";"968906862";"647412246";"";"administracion@cepaim.org";"";"";"";
"Albergue turístico";"TORRE DE SABRE";"Travesía Ermita, nº 1";"49710";"Zamora";"Cubo de Tierra del Vino (El)";"CUBO DE TIERRA DEL VINO (EL)";"CUBO DE TIERRA DEL VINO (EL)";"697759418";"633424321";"";"";"torredesabre@gmail.com";"torredesabre.wix.com/cubodelvino";"";"";
"Albergue turístico de los Caminos a Santiago";"LA ESCUELA";"C/ SANTIAGO, 5";"24526";"León";"Vega de Valcarce";"LAGUNA (LA)";"LAGUNA (LA)";"987689700";"629181702";"";"";"raferma@raferma.e.telefonica.net";"";"";"";
"Albergue turístico";"ERASMUS HOME";"C/ JESUS, 18";"37008";"Salamanca";"Salamanca";"SALAMANCA";"SALAMANCA";"923710257";"923710257";"";"";"erasmus@erasmuscafe.com";"www.erasmushome.com";"";"";
"Albergue turístico superior";"MESON ALBERGUE CURAVACAS";"C/ CAÑADA Nº 2";"34844";"Palencia";"Triollo";"TRIOLLO";"TRIOLLO";"979866223";"617864829";"";"";"info@alberguecuravacas.es";"www.alberguecuravacas.es";"";"";
"Albergue turístico de los Caminos a Santiago";"ESPERANZA MARTÍNEZ RODRÍGUEZ";"CL/BURGOS";"09292";"Burgos";"Quintanavides";"QUINTANAVIDES";"QUINTANAVIDES";"679346220";"";"";"";"quintanavides@diputaciondeburgos.net";"";"";"";
"Albergue turístico superior";"AVENTURAS DURATÓN";"C/ POZO, S/N";"40532";"Segovia";"Navares de las Cuevas";"NAVARES DE LAS CUEVAS";"NAVARES DE LAS CUEVAS";"921121776";"";"";"";"correo@duraton.com";"www.duraton.com";"";"";
"Albergue turístico";"VIRGEN DE PEDRAJAS";"CTRA/CORNUDILLA,S/N";"09246";"Burgos";"Poza de la Sal";"POZA DE LA SAL";"POZA DE LA SAL";"947257707";"607231002";"";"";"info@voluntared.org";"www.alberguesenburgos.es";"";"";
"Albergue turístico";"DUERMEVELA HOSTEL";"C/ GASCOS, Nº 7";"40003";"Segovia";"Segovia";"SEGOVIA";"SEGOVIA";"921047004";"691282445";"";"";"reservas@duermevelahostel.com";"www.duermevelahostel.com";"";"";
"Albergue turístico";"EL CASTILLO";"AVDA.SANTOS IRUELA, S/N";"42300";"Soria";"Burgo de Osma-Ciudad de Osma";"BURGO DE OSMA (EL)";"BURGO DE OSMA (EL)";"975341747";"607828643";"";"";"alberguecastillo@hotmail.com";"";"";"";
"Albergue turístico";"ALBERGUE MUNICIPAL DE OLMOS DE ATAPUERCA";"CL/IGLESIA,9";"09199";"Burgos";"Atapuerca";"OLMOS DE ATAPUERCA";"OLMOS DE ATAPUERCA";"947430524";"";"";"";"ayuntamientoolmosdeatapuerca@gmail.com";"";"";"";
"Albergue turístico superior de los Caminos a Santiago";"CASA DE ESPIRITUALIDAD Nª SEÑORA DE BELEN";"C/ LEOPOLDO Mª DE CASTRO 6";"34120";"Palencia";"Carrión de los Condes";"CARRION DE LOS CONDES";"CARRION DE LOS CONDES";"979 880031";"671020912";"";"";"cdadcarrion@rfilipenses.comd";"http://www.rfilipenses.com";"";"";
"Albergue de peregrinos sin fin lucrativo";"ASOCIACION HOSPEDERIA JACOBEA EL NOGAL";"C/ FRAY PEDRO, 42";"24343";"León";"Burgo Ranero (El)";"BURGO RANERO (EL)";"BURGO RANERO (EL)";"667207454";"";"";"";"jelnogal@yahoo.es";"";"";"";
"Albergue turístico";"ALBERGUE PUBLICO DE TIERRAS ALTAS";"CAMINO DE CERBON";"42181";"Soria";"Fuentes de Magaña";"FUENTES DE MAGAÑA";"FUENTES DE MAGAÑA";"975398073";"";"";"";"aedl_raquelsoria@yahoo.es";"";"";"";
"Albergue turístico";"EL PILAR DE GREDOS";"C/LA DEHESA (CMNO. LA SOLANA, PARAJE HERRAGÚ), 50";"05416";"Ávila";"Arenal (El)";"ARENAL (EL)";"ARENAL (EL)";"651035328";"651035328";"";"";"INFO@ELPILARDEGREDOS.COM";"WWW.ELPILARDEGREDOS.COM";"";"";
"Albergue turístico de los Caminos a Santiago";"UNAMUNO";"C/ SAN PELAYO, 15";"24003";"León";"León";"LEON";"LEON";"987233010";"";"";"";"albergue@residenciaunamuno.com";"www.albergueunamuno.com";"";"";
"Albergue turístico de los Caminos a Santiago";"FERNANDO Y MERCE";"C/ García de la Serna, nº 3";"49710";"Zamora";"Cubo de Tierra del Vino (El)";"CUBO DE TIERRA DEL VINO (EL)";"CUBO DE TIERRA DEL VINO (EL)";"980577371";"";"";"";"";"";"";"";
"Albergue de peregrinos sin fin lucrativo";"MONTE IRAGO";"C/ REAL, S/N";"24722";"León";"Santa Colomba de Somoza";"FONCEBADON";"FONCEBADON";"657404177";"";"";"";"";"";"";"";
"Albergue turístico de los Caminos a Santiago";"GABINO";"C/ REAL, 9";"24718";"León";"Brazuelo";"GANSO (EL)";"GANSO (EL)";"660912823";"";"";"";"";"";"";"";
"Albergue turístico";"FUENTE DEL OSO";"C/ DE ABAJO, 5 Y 7";"24849";"León";"Valdepiélago";"AVIADOS";"AVIADOS";"987741402";"";"";"";"";"";"";"";
"Albergue de peregrinos sin fin lucrativo";"ALBERGUE MUNICIPAL DE PEREGRINOS ""VERANO""";"C/ ARCO-LA HERRERIA, S/N";"24320";"León";"Sahagún";"SAHAGUN";"SAHAGUN";"987781015";"";"";"";"";"www.aytosahagun.es";"";"";
"Albergue turístico";"EL ENEBRAL";"CAMINO DE LA PINILLA, S/N";"40590";"Segovia";"Santo Tomé del Puerto";"ROSUERO";"ROSUERO";"686129958";"";"";"";"granjaelenebral@gmail.com";"www.granjaelenebral.com";"";"";
"Albergue de peregrinos sin fin lucrativo";"EL PILAR";"C/ JERONIMO MORAN ALONSO, S/N";"24722";"León";"Santa Colomba de Somoza";"RABANAL DEL CAMINO";"RABANAL DEL CAMINO";"987631621";"";"";"";"";"";"";"";
"Albergue turístico de los Caminos a Santiago";"VÍA DE LA PLATA";"C/ Calzada, nº 19";"49708";"Zamora";"Villanueva de Campeán";"VILLANUEVA DE CAMPEAN";"VILLANUEVA DE CAMPEAN";"630980967";"";"";"";"";"";"";"";
"Albergue turístico superior de los Caminos a Santiago";"ALBERGUE HOGAR DEL PEREGRINO";"C/ SANTA MARIA 17";"34468";"Palencia";"Itero de la Vega";"ITERO DE LA VEGA";"ITERO DE LA VEGA";"979151866";"616629353";"";"";"alberguehogardelperegrino@hotmail.com";"";"";"";
"Albergue turístico de los Caminos a Santiago";"CUATRO CANTONES";"CL/HIPÓLITO LÓPEZ BERNAL,10";"09250";"Burgos";"Belorado";"BELORADO";"BELORADO";"947580591";"696427707";"";"";"cuatrocantones@hotmail.com";"www.alberguecuatrocantones.com";"";"";
"Albergue de peregrinos sin fin lucrativo";"LA TRUCHA";"C/ La Fuente, nº 44";"49331";"Zamora";"Calzadilla de Tera";"OLLEROS DE TERA";"OLLEROS DE TERA";"980644767";"";"";"";"";"";"";"";
"Albergue de peregrinos sin fin lucrativo";"RUBI";"AVDA. FRAGA IRIBARNE, S/N";"24413";"León";"Molinaseca";"MOLINASECA";"MOLINASECA";"692886721";"";"";"";"anam75513@gmail.com";"";"";"";
"Albergue turístico superior de los Caminos a Santiago";"ALBERGUE ""TITAS""";"C/ MAYOR Nº 7";"34120";"Palencia";"Boadilla del Camino";"BOADILLA DEL CAMINO";"BOADILLA DEL CAMINO";"691869735";"";"";"";"josegilbarberena@gmail.com";"www.alberguetitas.com";"";"";
"Albergue de peregrinos sin fin lucrativo";"ALBERGUE DE MONASTERIO DE RODILLA";"CTRA/BURGOS,18";"09292";"Burgos";"Monasterio de Rodilla";"MONASTERIO DE RODILLA";"MONASTERIO DE RODILLA";"947-594350";"";"";"";"monasterioderodilla@diputaciondeburgos.net";"";"";"";
"Albergue turístico de los Caminos a Santiago";"SANTA MARIA MAGDALENA";"CTRA. ANTIGUA N-VI, ESQ. C/ CARQUEIXEDE,2";"24520";"León";"Vega de Valcarce";"VEGA DE VALCARCE";"VEGA DE VALCARCE";"628736186";"";"";"";"";"";"";"";
"Albergue turístico";"VALLE DEL TIETAR";"C/ MAJALHORNO, Nº 1";"05440";"Ávila";"Piedralaves";"PIEDRALAVES";"PIEDRALAVES";"600954090";"";"";"";"into@campamentovalledeltietar.com";"www.campamentovalle deltietar.com";"";"";
"Albergue turístico de los Caminos a Santiago";"EL  ALFAR DE HORNILLOS";"CL/CANTARRANAS, 8";"09230";"Burgos";"Hornillos del Camino";"HORNILLOS DEL CAMINO";"HORNILLOS DEL CAMINO";"638964649";"654263857";"619235930";"";"elalfardehornillos@gmail.com";"www.elalfardehornillos.es";"";"";
"Albergue turístico superior";"FRANCISCO GINER DE LOS RIOS";"AVDA. SIERRA PAMBLEY, 12";"24100";"León";"Villablino";"VILLABLINO";"VILLABLINO";"647450910";"";"";"";"";"";"";"";
"Albergue turístico";"LA ESTACIÓN";"CL/LA ESTACIÓN, S/N";"09557";"Burgos";"Merindad de Valdeporres";"BRIZUELA";"BRIZUELA";"619041776";"654152201";"";"";"santi.martinez.martinez@gmail.com";"";"";"";
"Albergue turístico superior de los Caminos a Santiago";"LA GALLEGA";"C/ SANTA MARIA, 23";"24540";"León";"Cacabelos";"CACABELOS";"CACABELOS";"987549476";"";"";"";"hostalgallega@gmail.com";"www.hostalgallega.com";"";"";
"Albergue de peregrinos sin fin lucrativo";"ALBERGUE DE SANTA MARTA DE TERA";"C/ Iglesia, nº 10";"49626";"Zamora";"Camarzana de Tera";"SANTA MARTA DE TERA";"SANTA MARTA DE TERA";"980649050";"";"";"";"";"";"";"";
"Albergue turístico de los Caminos a Santiago";"CAMINO Y LEYENDA";"C/ CAMINO DE SANTIAGO";"24523";"León";"Trabadelo";"TRABADELO";"TRABADELO";"680210292";"";"";"";"";"";"";"";
"Albergue turístico superior";"ALBERGUE MELGAR";"CL/COSTANILLA DE LA AZAFATA, S/N";"09100";"Burgos";"Melgar de Fernamental";"MELGAR DE FERNAMENTAL";"MELGAR DE FERNAMENTAL";"947227318";"636134558";"";"";"albergue@tachuela.es";"www.alberguemelgar.es";"";"";
"Albergue turístico de los Caminos a Santiago";"LA CRUZ DE FIERRO";"C/ REAL, S/N";"24722";"León";"Santa Colomba de Somoza";"FONCEBADON";"FONCEBADON";"699752144";"";"";"";"";"";"";"";
"Albergue de peregrinos sin fin lucrativo";"SAN NICOLAS EL REAL";"C/ SAN NICOLAS, 4";"24520";"León";"Villafranca del Bierzo";"VILLAFRANCA DEL BIERZO";"VILLAFRANCA DEL BIERZO";"987566529";"";"";"";"";"www.sannicolaselreal.com";"";"";
"Albergue turístico";"ADOLFO ESPINOSA";"AVDA/DIONISIO ROMÁN ZALDO, 15";"09260";"Burgos";"Pradoluengo";"PRADOLUENGO";"PRADOLUENGO";"947586664";"626084895";"";"";"info@alberguepradoluengo.com";"www.alberguepradoluengo.com";"";"";
"Albergue turístico de los Caminos a Santiago";"ALEA";"C/ TELENO, 33";"24401";"León";"Ponferrada";"PONFERRADA";"PONFERRADA";"987404133";"699065061";"";"";"TELENO33@GMAIL.COM";"";"";"";
"Albergue de peregrinos sin fin lucrativo";"BETANIA";"AVDA DEL EJÉRCITO ESPAÑOL Nº 26-1ºB";"34440";"Palencia";"Frómista";"FROMISTA";"FROMISTA";"638846043";"";"";"";"betaniafromista@gmail.com";"";"";"";
"Albergue turístico superior de los Caminos a Santiago";"CAMYNOS";"CR ANTIGUA NACIONAL VI, 43";"24524";"León";"Vega de Valcarce";"AMBASMESTAS";"AMBASMESTAS";"609381412";"";"";"";"camynos@gmail.com";"www.camynos.es";"";"";
"Albergue turístico";"CAMINO DE LIS";"RINCONADA DE LOS DOLORES, Nº 6";"40100";"Segovia";"Real Sitio de San Ildefonso";"SAN ILDEFONSO O LA GRANJA";"SAN ILDEFONSO O LA GRANJA";"676927100";"921470984";"662094929";"";"info@alberguelagranja.es";"www.alberguelagranja.es";"";"";
"Albergue turístico de los Caminos a Santiago";"LEO";"C/RIBADEO, Nº 10";"24500";"León";"Villafranca del Bierzo";"VILLAFRANCA DEL BIERZO";"VILLAFRANCA DEL BIERZO";"658049244";"";"";"";"gallegomaria77@gmail.com";"";"";"";
"Albergue turístico superior";"FUNDACION TORMES - EB";"FINCA ALDEHUELA DE TORMES s/n";"37115";"Salamanca";"Almenara de Tormes";"ALMENARA DE TORMES";"ALMENARA DE TORMES";"923170108";"654776572";"";"";"contacta@fundaciontormes-eb.org";"www.fundaciontormes-eb.org";"";"";
"Albergue de peregrinos sin fin lucrativo";"ALBERGUE DE PEREGRINOS DE PEÑAFLOR DE HORNIJA";"C/ HOSPITAL, 4";"47640";"Valladolid";"Peñaflor de Hornija";"PEÑAFLOR DE HORNIJA";"PEÑAFLOR DE HORNIJA";"983565102";"";"";"983565102";"ayto.penaflor@dip-valladolid.es";"";"";"";
"Albergue de peregrinos sin fin lucrativo";"ALBERGUE MUNICIPAL DE PEREGRINOS DE INVIERNO";"C/ ANTONIO NICOLAS, 55";"24320";"León";"Sahagún";"SAHAGUN";"SAHAGUN";"987780001";"662147431";"";"987781000";"INFO@SAHAGUN.ORG";"WWWW.VILLADESAHAGUN.ES";"";"";
"Albergue turístico de los Caminos a Santiago";"ALBERGUE CAMINO FRANCES";"C/ REAL, 68";"24288";"León";"Villares de Órbigo";"SANTIBAÑEZ DE VALDEIGLESIAS";"SANTIBAÑEZ DE VALDEIGLESIAS";"987603158";"987361014";"";"";"bln_182@hotmail.com";"";"";"";
"Albergue turístico superior";"CASA DE LAS CRUCERAS";"C/ LAS CRUCERAS, S/N";"05278";"Ávila";"Barraco (El)";"CRUCERAS (LAS)";"CRUCERAS (LAS)";"670757980";"914311608";"";"";"info@lascruceras.com";"www.lascruceras.com";"";"";
"Albergue turístico superior de los Caminos a Santiago";"ULTREIA";"CL/REAL DE ORIENTE, 77";"09110";"Burgos";"Castrojeriz";"CASTROJERIZ";"CASTROJERIZ";"947378640";"";"";"";"albergue.ultreia.castrojeriz@gmail.com";"";"";"";
"Albergue de peregrinos sin fin lucrativo";"ALBERGUE MUNICIPAL DE CALZADILLA DE LA CUEZA";"C/ MAYOR Nº 1";"34309";"Palencia";"Cervatos de la Cueza";"CALZADILLA DE LA CUEZA";"CALZADILLA DE LA CUEZA";"670558954";"";"";"";"secretario@cervatosdelacueza.es";"";"";"";
"Albergue turístico superior";"LA CASONA";"C/ CALZADA, S/N";"40410";"Segovia";"Espinar (El)";"SAN RAFAEL";"SAN RAFAEL";"921171412";"649841133";"";"921171468";"direccion@lacasonasanrafael.com";"www.lacasonasanrafael.com";"";"";
"Albergue turístico de los Caminos a Santiago";"SANTO TOMAS DE CANTERBURY";"C/ LA LASTRA, 53";"24005";"León";"León";"LEON";"LEON";"987392626";"629757899";"";"";"alberguesantotomas@terra.com";"www.alberguesantotomas.com";"";"";
"Albergue turístico";"HOSTEL URBAN RIO CEA";"C/ LEGION VII, Nº 6 - 2ºI";"24001";"León";"León";"LEON";"LEON";"639179386";"";"";"";"info@HOSTELURBANRIOCEA.COM";"www.hostelurbanriocea.com";"";"";
"Albergue de peregrinos sin fin lucrativo";"ALBERGUE MUNICIPAL DE PEREGRINOS";"Avda. Ángel de la Vega del Barrio, nº 27";"49740";"Zamora";"Granja de Moreruela";"GRANJA DE MORERUELA";"GRANJA DE MORERUELA";"980587183";"682497496";"";"980587005";"";"";"";"";
"Albergue turístico";"NARAYA";"AVDA/GALICIA, 506";"24410";"León";"Ponferrada";"FUENTES NUEVAS";"FUENTES NUEVAS";"987450357";"659189621";"";"";"";"";"";"";
"Albergue turístico";"EL PATIO DE AMAYUELAS";"PLAZA DE LA IGLESIA";"34429";"Palencia";"San Cebrián de Campos";"AMAYUELAS DE ABAJO";"AMAYUELAS DE ABAJO";"979154161";"";"";"";"elpatiodeamayuelas@hotmail.com";"";"";"";
"Albergue turístico superior";"ALBERGUE VALPORQUERO";"CTRA LEON COLLANZO, 15";"24836";"León";"Vegacervera";"VEGACERVERA";"VEGACERVERA";"987591009";"987082083";"616108979";"";"";"CONTACTO@ALBERGUEVALPORQUERO.COM";"";"";
"Albergue turístico superior de los Caminos a Santiago";"SANTA FE";"CL/LOS HUERTOS, 2";"09192";"Burgos";"Cardeñuela Riopico";"CARDEÑUELA RIOPICO";"CARDEÑUELA RIOPICO";"947560722";"626352269";"";"";"alberguesantafe@hotmail.com";"";"";"";
"Albergue turístico de los Caminos a Santiago";"ITERO DEL CASTILLO";"CL/EL SOL, 1";"09107";"Burgos";"Itero del Castillo";"ITERO DEL CASTILLO";"ITERO DEL CASTILLO";"697335012";"947377337";"";"947377337";"iterodelcastillo@diputaciondeburgos.net";"";"";"";
"Albergue turístico";"LA ALAMEDA";"C/ Alameda, nº 21";"49333";"Zamora";"Villanueva de las Peras";"VILLANUEVA DE LAS PERAS";"VILLANUEVA DE LAS PERAS";"980590346";"";"";"";"";"";"";"";
"Albergue turístico";"LA CASA DEL PEREGRINO";"CARRETERA DE COMPLUDO, S/N";"24413";"León";"Molinaseca";"ACEBO";"ACEBO";"987057793";"";"";"987057793";"lacasadelperegrino@gmail.com";"";"";"";
"Albergue turístico";"SANTIBÁÑEZ DE ZARZAGUDA";"CL/SIERVAS DEL SAGRADO CORAZÓN, 1";"09150";"Burgos";"Valle de Santibáñez";"SANTIBAÑEZ-ZARZAGUDA";"SANTIBAÑEZ-ZARZAGUDA";"947-257707";"";"";"";"info@voluntared.org";"www.voluntared.org";"";"";
"Albergue turístico de los Caminos a Santiago";"LA POSADA DEL DRUIDA";"C/ REAL, S/N";"24722";"León";"Santa Colomba de Somoza";"FONCEBADON";"FONCEBADON";"696820136";"";"";"";"";"";"";"";
"Albergue turístico de los Caminos a Santiago";"MONASTERIO DE SAN JUAN DE ORTEGA";"CL/de la Iglesia, 1";"09199";"Burgos";"Barrios de Colina";"SAN JUAN DE ORTEGA";"SAN JUAN DE ORTEGA";"947560438";"635742060";"";"";"albergue@alberguesanjuandeortega.es";"www.alberguesanjuandeortega.es";"";"";
"Albergue turístico";"EL DESCANSO DEL HACEDOR";"CL/MEDINA, 2";"09211";"Burgos";"Oña";"BARCINA DE LOS MONTES";"ALDEA (LA)";"617130115";"";"";"";"eldescansodelhacedor@gmail.com";"";"";"";
"Albergue turístico";"MURALLA LEONESA";"C/ TARIFA, 5";"24003";"León";"León";"LEON";"LEON";"665577273";"622696205";"";"";"bernardovillamagna@gmail.com; albergueleon@hotmail.com";"www.alberguemurallaleonesa.es";"";"";
"Albergue turístico";"SAN ANTON";"C/ SAN ANTON, 27";"05591";"Ávila";"Villanueva del Campillo";"VILLANUEVA DEL CAMPILLO";"VILLANUEVA DEL CAMPILLO";"920235362";"685818877";"";"";"lolijimenezmunoz@hotmail.com";"www.ctrsananton.es";"";"";
"Albergue de peregrinos sin fin lucrativo";"EBALO";"C/ LA FE, 24";"24343";"León";"Burgo Ranero (El)";"BURGO RANERO (EL)";"BURGO RANERO (EL)";"6779490521";"";"";"";"";"";"";"";
"Albergue turístico";"ALBERGUE SIERRA DEL BREZO";"POBLADO DE COMPUERTO - Ctra. de Valcobero, S/N";"34886";"Palencia";"Velilla del Río Carrión";"VELILLA DEL RIO CARRION";"VELILLA DEL RIO CARRION";"979861313";"699928419";"";"";"sierradelbrezo@gmail.com";"www.sierradelbrezo.com";"";"";
"Albergue turístico de los Caminos a Santiago";"LA BARRACA";"REAL, S/N";"24718";"León";"Brazuelo";"GANSO (EL)";"GANSO (EL)";"987691808";"628635819";"";"";"";"";"";"";
"Albergue turístico de los Caminos a Santiago";"HORNILLOS MEETING POINT";"CL/CANTARRANAS, 3";"09230";"Burgos";"Hornillos del Camino";"HORNILLOS DEL CAMINO";"HORNILLOS DEL CAMINO";"600660994";"";"";"";"";"";"";"";
"Albergue turístico";"ESTACION DE NAVALENO";"CTRA. CANICOSA, KM. 3";"42149";"Soria";"Navaleno";"NAVALENO";"NAVALENO";"685620797";"";"";"";"actividadessherpa@hotmail.es";"";"";"";
"Albergue turístico superior";"EL REBEZO";"C/ CASAS NUEVAS, 4";"24144";"León";"San Emiliano";"TORREBARRIO";"TORREBARRIO";"987594202";"687734337";"";"";"alberguelrebezo@hotmail.com";"www.albergueelrebezo.hol.es";"";"";
"Albergue de peregrinos sin fin lucrativo";"VIATORIS";"TRAVESIA DEL ARCO, 31";"24320";"León";"Sahagún";"SAHAGUN";"SAHAGUN";"679977828";"987780975";"";"";"aaocho@hotmail.com";"www.viatoris.es";"";"";
"Albergue turístico";"GOINA";"C/ Sopenilla, s/n";"34839";"Palencia";"San Cebrián de Mudá";"SAN CEBRIAN DE MUDA";"SAN CEBRIAN DE MUDA";"979605823";"979605885";"666229574";"979605823";"miradorsancebriandemuda@hotmail.com";"";"";"";
"Albergue turístico";"MISIONEROS ESPIRITANOS CASTRILLO DE LA VEGA";"CTRA. NACIONAL 122, KM. 275,7";"09391";"Burgos";"Castrillo de la Vega";"CASTRILLO DE LA VEGA";"CASTRILLO DE LA VEGA";"947257707";"609384574";"";"";"info@voluntared.org";"www.alberguesenburgos.es";"";"";
"Albergue turístico";"LA ESTACION DEL RIO LOBOS";"CL/ESTACION, S/N";"09660";"Burgos";"Hontoria del Pinar";"HONTORIA DEL PINAR";"HONTORIA DEL PINAR";"651956661";"";"";"947650514";"sergio@laestaciondelriolobos.com";"www.laestaciondelriolobos.com";"";"";
"Albergue turístico superior";"LA CASA GRANDE";"CL/ICEDO, 36";"09550";"Burgos";"Merindad de Valdivielso";"QUINTANA DE VALDIVIELSO";"QUINTANA DE VALDIVIELSO";"947303096";"605881983";"";"";"info@lacasagrandeburgos.es";"www.lacasagrandeburgos.es";"";"";
"Albergue turístico";"PUEBLO-ESCUELA DE ABIONCILLO";"LA PLAZA, 3";"42193";"Soria";"Calatañazor";"ABIONCILLO DE CALATAÑAZOR";"ABIONCILLO DE CALATAÑAZOR";"975183260";"669426950";"";"975183260";"coopabion@gmail.com";"www.escuela-abioncillo.com";"";"";
"Albergue turístico superior";"LA ESPUELA";"FINCA LA ESPUELA/URBANIZACION MONTELARGO";"05430";"Ávila";"Adrada (La)";"ADRADA (LA)";"ADRADA (LA)";"918671528";"616079169";"";"";"info@turismorurallaespuela.com";"www.turismorurallaespuela.com";"";"";
"Albergue turístico";"LEON HOSTEL";"ANCHA,8";"24003";"León";"León";"LEON";"LEON";"987079907";"";"";"";"";"";"";"";
"Albergue de peregrinos sin fin lucrativo";"PARADA VILORIA";"CL/Bajera, 37";"09259";"Burgos";"Viloria de Rioja";"VILORIA DE RIOJA";"VILORIA DE RIOJA";"610625065";"";"";"";"majeperez7@yahoo.es";"";"";"";
"Albergue turístico";"ALBERGUE ALDA CENTRO LEON";"LA TORRE, 3-1ºDCHA";"24002";"León";"León";"LEON";"LEON";"987225594";"";"";"";"";"";"";"";
"Albergue turístico superior";"LA FÁBRICA";"CL/CAMINO DE LA FÁBRICA, 27";"09130";"Burgos";"Tardajos";"TARDAJOS";"TARDAJOS";"947451436";"646000908";"";"";"cristina@alberguelafabrica.com";"www.alberguelafabrica.com";"";"";
"Albergue turístico de los Caminos a Santiago";"ALBERGUE MUNICIPAL DE PEREGRINOS";"CALLE  HOSPITAL, s/n";"34440";"Palencia";"Frómista";"FROMISTA";"FROMISTA";"979811089";"686579702";"";"";"";"";"";"";
"Albergue turístico";"CASA DEL MAYORAZGO";"CL/MAYOR, 60";"09615";"Burgos";"Barbadillo de Herreros";"BARBADILLO DE HERREROS";"BARBADILLO DE HERREROS";"947385001";"608222296";"";"";"barbadillodeherreros@hotmail.es";"www.casadelmayorazgo.com";"";"";
"Albergue turístico";"ALBERGUE MUNICIPAL";"CALLE COTONAL";"37419";"Salamanca";"Parada de Rubiales";"PARADA DE RUBIALES";"PARADA DE RUBIALES";"923360001";"";"";"";"ayuntamientodeparada@hotmail.com";"";"";"";
"Albergue turístico";"DE SOL A SOL";"CL/CANTARRANAS, 7";"09230";"Burgos";"Hornillos del Camino";"HORNILLOS DEL CAMINO";"HORNILLOS DEL CAMINO";"649876091";"947065656";"";"";"desolasolrural@hotmail.com";"";"";"";
"Albergue turístico de los Caminos a Santiago";"AGUSTINA";"Plaza El Árbol, nº 13";"49513";"Zamora";"Samir de los Caños";"SAMIR DE LOS CAÑOS";"SAMIR DE LOS CAÑOS";"980688115";"619691063";"";"";"";"";"";"";
"Albergue turístico";"CHECK IN LEON";"AVDA. ALCALDE MIGUEL CASTAÑO, 88";"24005";"León";"León";"LEON";"LEON";"987498793";"987224316";"";"";"ALFONSAN1964@GMAIL.COM";"";"";"";
"Albergue turístico de los Caminos a Santiago";"LA CASA VERDE";"TRAVESIA LA ESTACION,8";"24003";"León";"Valverde de la Virgen";"SAN MIGUEL DEL CAMINO";"SAN MIGUEL DEL CAMINO";"646879437";"";"";"";"";"";"";"";
"Albergue turístico";"AULA DE NATURALEZA EMILIO HURTADO";"Camino de la Barga s/n (Polígono 6 parcela 10)";"40312";"Segovia";"Duruelo";"DURUELO";"DURUELO";"921929731";"628752751";"608746252";"";"aula.naturaleza@colegioelvalle.com";"www.auladenaturalezaemilioh.com";"";"";
"Albergue turístico superior de los Caminos a Santiago";"ALBERGUE MORATINOS";"C/  Real, 12";"34348";"Palencia";"Moratinos";"MORATINOS";"MORATINOS";"979061466";"638222720";"";"979061469";"info@hostalmoratinos.es";"www.alberguemoratinos.es";"";"";
"Albergue turístico";"LA CASA DEL CURATO";"REAL, 14";"42368";"Soria";"Arenillas";"ARENILLAS";"ARENILLAS";"676326303";"633520156";"";"";"arenillas80@hotmail.com";"";"";"";
"Albergue turístico";"EL REFUGIO DEL DRAGON";"C/ CASTILLEJO, Nº 19";"40164";"Segovia";"Arcones";"ARCONES";"ARCONES";"921504156";"609252346";"";"921504156";"elrefugiodeldragon@gmail.com/  jaime_garcia_castillo@hotmail.com";"www.elrefugiodeldragon.com";"";"";
"Albergue turístico de los Caminos a Santiago";"EL ALBERGUE DE ADA";"C/ REAL, Nº 42";"24339";"León";"Santas Martas";"RELIEGOS";"RELIEGOS";"987317895";"691153010";"";"";"PEDRO.PEREIRO@GMAIL.COM";"www.alberguereliegos.es";"";"";
"Albergue turístico";"ALBERGUE ANTONIO";"Calle Orilla del Rio nº 3";"34310";"Palencia";"Becerril de Campos";"BECERRIL DE CAMPOS";"BECERRIL DE CAMPOS";"979810193";"693465737";"";"";"josemarcosf@wanadoo.es";"alberguecanaldecastillabecerril.es";"";"";
"Albergue turístico superior de los Caminos a Santiago";"JUAN DE YEPES";"CL/REAL, 1";"09227";"Burgos";"Hontanas";"HONTANAS";"HONTANAS";"653243385";"";"";"";"juandeyepes@santabrigida.com";"www.alberguessantabrigida.com";"";"";
"Albergue turístico";"MISTIC HOSTEL";"C/ MARQUÉS DE SANTO DOMINGO, 8";"05001";"Ávila";"Ávila";"AVILA";"AVILA";"920041061";"656898740";"";"";"reservas@mistichostel.com";"www.mistichostel.com";"";"";
"Albergue turístico";"ALBERGUE GUIANA HOSTEL";"AVDA DEL CASTILLO, 112";"24401";"León";"Ponferrada";"PONFERRADA";"PONFERRADA";"987409327";"609152037";"";"";"guianahostel@gmail.com";"";"";"";
"Albergue turístico";"MONTAÑA ORIENTAL DE LEON";"LAS ERAS,28";"24800";"León";"Cistierna";"CISTIERNA";"CISTIERNA";"649802641";"";"";"";"";"";"";"";
"Albergue turístico";"LA CASA DEL PÁRAMO";"CL/BARRIUSO, 39";"09142";"Burgos";"Merindad de Río Ubierna";"MASA";"MASA";"690675643";"";"";"";"alberguedemasa@gmail.com";"www.lacasadelparamo.com";"";"";
"Albergue turístico superior de los Caminos a Santiago";"ALBERGUE LA MORENA";"C/ Carretera, 3";"34347";"Palencia";"Ledigos";"LEDIGOS";"LEDIGOS";"979065052";"655877305";"979741195";"979741195";"info@alberguelamorena.com";"www.alberguelamorena.com";"";"";
"Albergue de peregrinos sin fin lucrativo";"ALBERGUE GAIA";"AVDA CONSTITUCION 28";"24210";"León";"Mansilla de las Mulas";"MANSILLA DE LAS MULAS";"MANSILLA DE LAS MULAS";"699911311";"";"";"";"alberguedegaia@hotmail.com";"";"";"";
"Albergue turístico superior";"VILLA DE SALVATIERRA";"C/ SAN JUAN 1";"37779";"Salamanca";"Salvatierra de Tormes";"SALVATIERRA DE TORMES";"SALVATIERRA DE TORMES";"923150552";"606528455";"923150591";"";"albergue.villadesalvatierra@gmail.com";"alberguevilladesalvatierra.es";"";"";
"Albergue turístico";"LA ARBOLEDA";"PARAJE DE LA FUENTE, S/N";"42132";"Soria";"Noviercas";"NOVIERCAS";"NOVIERCAS";"655976024";"";"";"";"alberguelarboleda@noviercas.es";"";"";"";
"Albergue turístico";"EL ALBERGUE DE HERRERA";"Avenida  EUSEBIO SALVADOR MERINO, 59";"34400";"Palencia";"Herrera de Pisuerga";"HERRERA DE PISUERGA";"HERRERA DE PISUERGA";"658892042";"";"";"";"elalberguedeherrera@gmail.com";"www.elalberguedeherrera.com";"";"";
"Albergue turístico";"SAN BLAS";"C/ SAN BLAS, 5";"24490";"León";"Ponferrada";"COLUMBRIANOS";"COLUMBRIANOS";"675651241";"625562553";"";"";"";"";"";"";
"Albergue turístico";"EL RINCON DEL APOSTOL";"CTRA NACIONAL VI, 1, A";"24524";"León";"Vega de Valcarce";"AMBASMESTAS";"AMBASMESTAS";"987543099";"656945201";"";"";"jlagof@terra.es";"www.elrincondelapostol.com";"";"";
"Albergue turístico";"LOS ARANCONES";"CL/LA IGLESIA, 5";"09258";"Burgos";"Tosantos";"TOSANTOS";"TOSANTOS";"947581485";"";"";"";"";"";"";"";
"Albergue turístico de los Caminos a Santiago";"ALBERGUE LA MEDINA";"AVDA. CAMINO DE SANTIAGO, 87";"24410";"León";"Camponaraya";"CAMPONARAYA";"CAMPONARAYA";"667348551";"615019591";"";"";"alberguelamedina@gmail.com";"";"";"";
"Albergue turístico";"CAMPUS DE ZAMORA";"Avda. Príncipe de Asturias, 43";"49029";"Zamora";"Zamora";"ZAMORA";"ZAMORA";"980522150";"687460563";"";"980514384";"reservas@alberguecampus.es";"";"";"";
"Albergue turístico";"LA MINA";"CTRA. PUEBLA DE LILLO A SAN ISIDRO, KM. 32";"24855";"León";"Puebla de Lillo";"PUEBLA DE LILLO";"PUEBLA DE LILLO";"987731196";"";"";"";"INFO@ALOJAMIENTOLAMINA.ES";"WWW.ALOJAMIENTOLAMINA.ES";"";"";
"Albergue turístico superior";"LA CASA DE BELI";"AVDA/General Yagüe, 16";"09130";"Burgos";"Tardajos";"TARDAJOS";"TARDAJOS";"947451234";"";"";"";"lacasadebeli@gmail.com";"www.lacasadebeli.com";"";"";
"Albergue turístico de los Caminos a Santiago";"ALBERGUE SAN MIGUEL";"ALVAREZ VEGA, 35";"24286";"León";"Hospital de Órbigo";"HOSPITAL DE ORBIGO";"HOSPITAL DE ORBIGO";"987388285";"609723632";"";"";"";"";"";"";
"Albergue turístico";"EL PASO";"ANTIGUA N - VI";"24520";"León";"Vega de Valcarce";"VEGA DE VALCARCE";"VEGA DE VALCARCE";"628104309";"";"";"";"";"";"";"";
"Albergue turístico";"LA MADRIGUERA HOSTEL";"LA VIRGEN BLANCA,59";"24006";"León";"León";"LEON";"LEON";"987037886";"";"";"";"INFO@HOSTELLEON.ES";"WWW.LAMADRIGUERAHOSTEL.COM";"";"";
"Albergue turístico de los Caminos a Santiago";"ROSALIA";"CL/Cordón, 2";"09100";"Burgos";"Castrojeriz";"CASTROJERIZ";"CASTROJERIZ";"947373714";"637765779";"";"";"info@alberguerosalia.com";"www.alberguerosalia.com";"";"";
"Albergue turístico";"ALBERGUE DE SANTA MARIA DE LAS HOYAS";"MIRANDA, S/N";"42141";"Soria";"Santa María de las Hoyas";"SANTA MARIA DE LAS HOYAS";"SANTA MARIA DE LAS HOYAS";"975372386";"645574117";"";"";"santamariahoyas@dipsoria.es";"";"";"";
"Albergue turístico de los Caminos a Santiago";"VIVE TU CAMINO";"C/ REAL, Nº 56";"24339";"León";"Santas Martas";"RELIEGOS";"RELIEGOS";"610293986";"";"";"";"";"";"";"";
"Albergue turístico superior";"CASA LIXA";"CALLE CAMINO DE SANTIAGO, 35";"24526";"León";"Vega de Valcarce";"HERRERIAS (LAS)";"HERRERIAS (LAS)";"608528715";"";"";"";"info@casalixa.com";"www.casalixa.com";"";"";
"Albergue turístico";"ALBERGUE MUNICIPAL DE HINOJAR DE CERVERA";"CL/ANGOSTA, 24";"09610";"Burgos";"Santo Domingo de Silos";"HINOJAR DE CERVERA";"HINOJAR DE CERVERA";"947390070";"";"";"";"santodomingodesilos@diputaciondeburgos.net";"";"";"";
"Albergue turístico superior";"ALBERGUE ESCUELA ""CARA NORTE""";"C/ CEROJAL nº 60";"34880";"Palencia";"Guardo";"GUARDO";"GUARDO";"979043008";"912980812";"658798329";"";"info@alberguedeguardo.com";"www.alberguedeguardo.com";"";"";
"Albergue turístico superior de los Caminos a Santiago";"SAN FRANCISCO DE ASIS";"AVDA. ALCALDE MIGUEL CASTAÑO, Nº 4";"24005";"León";"León";"LEON";"LEON";"987215060";"637439848";"";"";"gestion.leon@alberguescapuchinos.org";"www.alberguescapuchinos.org";"";"";
"Albergue turístico superior";"BIDELUZE";"CL/MAYOR, 8";"09259";"Burgos";"Castildelgado";"CASTILDELGADO";"CASTILDELGADO";"616647115";"";"";"";"isabelgarriz@hotmail.com";"";"";"";
"Albergue turístico superior de los Caminos a Santiago";"ORION";"AVDA/DE LA COLEGIATA, 28";"09110";"Burgos";"Castrojeriz";"CASTROJERIZ";"CASTROJERIZ";"649481609";"";"";"";"albergueorion2016@hotmail.com";"";"";"";
"Albergue turístico";"COVENT GARDEN HOSTEL";"C/ ANCHA, Nº 25";"24003";"León";"León";"LEON";"LEON";"987004428";"601082002";"";"";"INFO@HOSTELCOVENTGARDEN.COM";"";"";"";
"Albergue turístico de los Caminos a Santiago";"ALBERGUE MUTATIO ELENA";"C/  CONCEJO, 3, Bº";"37183";"Salamanca";"San Pedro de Rozados";"SAN PEDRO DE ROZADOS";"SAN PEDRO DE ROZADOS";"923344024";"609278013";"";"";"elenagh1970@hotmail.com";"";"";"";
"Albergue turístico";"LA CASONA DE PANCORBO";"CL/REAL, 21";"09280";"Burgos";"Pancorbo";"PANCORBO";"PANCORBO";"947354014";"650021063";"";"";"richi_ricardo@hotmail.com";"";"";"";
